{
 "align_labels_right": 1,
 "creation": "2019-07-24 20:13:30.259953",
 "custom_format": 0,
 "default_print_language": "en-US",
 "disabled": 0,
 "doc_type": "Sales Invoice",
 "docstatus": 0,
 "doctype": "Print Format",
 "font": "Default",
 "html": "",
 "idx": 0,
 "line_breaks": 1,
 "modified": "2019-07-24 20:13:30.259953",
 "modified_by": "Administrator",
 "module": "Accounts",
 "name": "Sales Invoice Return",
 "owner": "Administrator",
 "print_format_builder": 0,
 "print_format_type": "Jinja",
 "raw_printing": 0,
 "show_section_headings": 1,
 "standard": "Yes"
}