{
 "align_labels_right": 0, 
 "creation": "2018-04-07 11:59:51.169725", 
 "custom_format": 0, 
 "disabled": 0, 
 "doc_type": "Purchase Invoice", 
 "docstatus": 0, 
 "doctype": "Print Format", 
 "font": "Default", 
 "format_data": "[{\"fieldname\": \"print_heading_template\", \"fieldtype\": \"Custom HTML\", \"options\": \"<div class=\\\"print-heading\\\">\\t\\t\\t\\t<h2>Purchase Invoice<br><small>{{ doc.name }}</small>\\t\\t\\t\\t</h2></div>\"}, {\"fieldtype\": \"Section Break\", \"label\": \"\"}, {\"fieldtype\": \"Column Break\"}, {\"print_hide\": 0, \"fieldname\": \"supplier_name\", \"label\": \"Supplier Name\"}, {\"print_hide\": 0, \"fieldname\": \"due_date\", \"label\": \"Due Date\"}, {\"fieldtype\": \"Column Break\"}, {\"fieldtype\": \"Section Break\", \"label\": \"Address\"}, {\"fieldtype\": \"Column Break\"}, {\"print_hide\": 0, \"fieldname\": \"address_display\", \"label\": \"Address\"}, {\"print_hide\": 0, \"fieldname\": \"contact_display\", \"label\": \"Contact\"}, {\"print_hide\": 0, \"fieldname\": \"contact_mobile\", \"label\": \"Mobile No\"}, {\"fieldtype\": \"Column Break\"}, {\"fieldtype\": \"Section Break\", \"label\": \"\"}, {\"fieldtype\": \"Column Break\"}, {\"visible_columns\": [{\"print_hide\": 0, \"fieldname\": \"item_name\", \"print_width\": \"\"}, {\"print_hide\": 0, \"fieldname\": \"description\", \"print_width\": \"300px\"}, {\"print_hide\": 0, \"fieldname\": \"image\", \"print_width\": \"\"}, {\"print_hide\": 0, \"fieldname\": \"received_qty\", \"print_width\": \"\"}, {\"print_hide\": 0, \"fieldname\": \"qty\", \"print_width\": \"\"}, {\"print_hide\": 0, \"fieldname\": \"rejected_qty\", \"print_width\": \"\"}, {\"print_hide\": 0, \"fieldname\": \"discount_percentage\", \"print_width\": \"\"}, {\"print_hide\": 0, \"fieldname\": \"rate\", \"print_width\": \"\"}, {\"print_hide\": 0, \"fieldname\": \"amount\", \"print_width\": \"\"}, {\"print_hide\": 0, \"fieldname\": \"pricing_rule\", \"print_width\": \"\"}, {\"print_hide\": 0, \"fieldname\": \"weight_per_unit\", \"print_width\": \"\"}, {\"print_hide\": 0, \"fieldname\": \"total_weight\", \"print_width\": \"\"}, {\"print_hide\": 0, \"fieldname\": \"weight_uom\", \"print_width\": \"\"}, {\"print_hide\": 0, \"fieldname\": \"warehouse\", \"print_width\": \"\"}, {\"print_hide\": 0, \"fieldname\": \"rejected_warehouse\", \"print_width\": \"\"}, {\"print_hide\": 0, \"fieldname\": \"batch_no\", \"print_width\": \"\"}, {\"print_hide\": 0, \"fieldname\": \"serial_no\", \"print_width\": \"\"}, {\"print_hide\": 0, \"fieldname\": \"bom\", \"print_width\": \"\"}, {\"print_hide\": 0, \"fieldname\": \"asset\", \"print_width\": \"\"}, {\"print_hide\": 0, \"fieldname\": \"gst_hsn_code\", \"print_width\": \"\"}], \"print_hide\": 0, \"fieldname\": \"items\", \"label\": \"Items\"}, {\"fieldtype\": \"Section Break\", \"label\": \"\"}, {\"fieldtype\": \"Column Break\"}, {\"fieldtype\": \"Column Break\"}, {\"print_hide\": 0, \"fieldname\": \"total\", \"label\": \"Total\"}, {\"fieldtype\": \"Section Break\", \"label\": \"\"}, {\"fieldtype\": \"Column Break\"}, {\"visible_columns\": [{\"print_hide\": 0, \"fieldname\": \"category\", \"print_width\": \"\"}, {\"print_hide\": 0, \"fieldname\": \"add_deduct_tax\", \"print_width\": \"\"}, {\"print_hide\": 0, \"fieldname\": \"charge_type\", \"print_width\": \"\"}, {\"print_hide\": 0, \"fieldname\": \"row_id\", \"print_width\": \"\"}, {\"print_hide\": 0, \"fieldname\": \"included_in_print_rate\", \"print_width\": \"\"}, {\"print_hide\": 0, \"fieldname\": \"account_head\", \"print_width\": \"\"}, {\"print_hide\": 0, \"fieldname\": \"cost_center\", \"print_width\": \"\"}, {\"print_hide\": 0, \"fieldname\": \"description\", \"print_width\": \"300px\"}, {\"print_hide\": 0, \"fieldname\": \"rate\", \"print_width\": \"\"}, {\"print_hide\": 0, \"fieldname\": \"tax_amount\", \"print_width\": \"\"}, {\"print_hide\": 0, \"fieldname\": \"total\", \"print_width\": \"\"}], \"print_hide\": 0, \"fieldname\": \"taxes\", \"label\": \"Purchase Taxes and Charges\"}, {\"fieldtype\": \"Section Break\", \"label\": \"\"}, {\"fieldtype\": \"Column Break\"}, {\"fieldtype\": \"Column Break\"}, {\"print_hide\": 0, \"fieldname\": \"grand_total\", \"label\": \"Grand Total\"}, {\"print_hide\": 0, \"fieldname\": \"in_words\", \"label\": \"In Words\"}, {\"print_hide\": 0, \"fieldname\": \"disable_rounded_total\", \"label\": \"Disable Rounded Total\"}, {\"fieldtype\": \"Section Break\", \"label\": \"Payments\"}, {\"fieldtype\": \"Column Break\"}, {\"print_hide\": 0, \"fieldname\": \"cash_bank_account\", \"label\": \"Cash/Bank Account\"}, {\"fieldtype\": \"Column Break\"}, {\"fieldtype\": \"Section Break\", \"label\": \"\"}, {\"fieldtype\": \"Column Break\"}, {\"print_hide\": 0, \"fieldname\": \"other_charges_calculation\", \"align\": \"left\", \"label\": \"Tax Breakup\"}, {\"fieldtype\": \"Section Break\", \"label\": \"Raw\"}, {\"fieldtype\": \"Column Break\"}, {\"visible_columns\": [{\"print_hide\": 0, \"fieldname\": \"main_item_code\", \"print_width\": \"\"}, {\"print_hide\": 0, \"fieldname\": \"rm_item_code\", \"print_width\": \"\"}, {\"print_hide\": 0, \"fieldname\": \"description\", \"print_width\": \"300px\"}, {\"print_hide\": 0, \"fieldname\": \"batch_no\", \"print_width\": \"\"}, {\"print_hide\": 0, \"fieldname\": \"serial_no\", \"print_width\": \"\"}, {\"print_hide\": 0, \"fieldname\": \"required_qty\", \"print_width\": \"\"}, {\"print_hide\": 0, \"fieldname\": \"consumed_qty\", \"print_width\": \"\"}, {\"print_hide\": 0, \"fieldname\": \"stock_uom\", \"print_width\": \"\"}, {\"print_hide\": 0, \"fieldname\": \"rate\", \"print_width\": \"\"}, {\"print_hide\": 0, \"fieldname\": \"amount\", \"print_width\": \"\"}, {\"print_hide\": 0, \"fieldname\": \"conversion_factor\", \"print_width\": \"\"}, {\"print_hide\": 0, \"fieldname\": \"current_stock\", \"print_width\": \"\"}, {\"print_hide\": 0, \"fieldname\": \"reference_name\", \"print_width\": \"\"}, {\"print_hide\": 0, \"fieldname\": \"bom_detail_no\", \"print_width\": \"\"}], \"print_hide\": 0, \"fieldname\": \"supplied_items\", \"label\": \"Supplied Items\"}, {\"fieldtype\": \"Section Break\", \"label\": \"Terms\"}, {\"fieldtype\": \"Column Break\"}, {\"print_hide\": 0, \"fieldname\": \"terms\", \"label\": \"Terms and Conditions1\"}]", 
 "idx": 0, 
 "line_breaks": 0, 
 "modified": "2019-03-04 13:38:47.362002", 
 "modified_by": "Administrator", 
 "module": "Accounts", 
 "name": "GST Purchase Invoice", 
 "owner": "Administrator", 
 "print_format_builder": 1, 
 "print_format_type": "Server", 
 "show_section_headings": 0, 
 "standard": "Yes"
}