{
 "align_labels_right": 0,
 "creation": "2016-05-05 17:16:18.564460",
 "custom_format": 1,
 "disabled": 0,
 "doc_type": "Sales Invoice",
 "docstatus": 0,
 "doctype": "Print Format",
 "font": "Default",
 "html": "<style>\n\t.print-format table, .print-format tr, \n\t.print-format td, .print-format div, .print-format p {\n\t\tfont-family: Monospace;\n\t\tline-height: 200%;\n\t\tvertical-align: middle;\n\t}\n\t@media screen {\n\t\t.print-format {\n\t\t\twidth: 4in;\n\t\t\tpadding: 0.25in;\n\t\t\tmin-height: 8in;\n\t\t}\n\t}\n</style>\n\n<p class=\"text-center\">\n\t{{ company }}<br>\n\t{{  __(\"POS No : \") }} {{ offline_pos_name }}<br>\n</p>\n<p>\n\t<b>{{ __(\"Customer\") }}:</b> {{ customer }}<br>\n</p>\n\n<p>\n\t<b>{{ __(\"Date\") }}:</b> {{ dateutil.global_date_format(posting_date) }}<br>\n</p>\n\n<hr>\n<table class=\"table table-condensed cart no-border\">\n\t<thead>\n\t\t<tr>\n\t\t\t<th width=\"50%\">{{ __(\"Item\") }}</b></th>\n\t\t\t<th width=\"25%\" class=\"text-right\">{{ __(\"Qty\") }}</th>\n\t\t\t<th width=\"25%\" class=\"text-right\">{{ __(\"Amount\") }}</th>\n\t\t</tr>\n\t</thead>\n\t<tbody>\n\t\t{% for item in items %}\n\t\t<tr>\n\t\t\t<td>\n\t\t\t\t{{ item.item_name }}\n\t\t\t</td>\n\t\t\t<td class=\"text-right\">{{ format_number(item.qty, null,precision(\"difference\")) }}<br>@ {{ format_currency(item.rate, currency) }}</td>\n\t\t\t<td class=\"text-right\">{{ format_currency(item.amount, currency) }}</td>\n\t\t</tr>\n\t\t{% endfor %}\n\t</tbody>\n</table>\n\n<table class=\"table table-condensed no-border\">\n\t<tbody>\n\t\t<tr>\n\t\t\t<td class=\"text-right\" style=\"width: 70%\">\n\t\t\t\t{{ __(\"Net Total\") }}\n\t\t\t</td>\n\t\t\t<td class=\"text-right\">\n\t\t\t\t{{ format_currency(total, currency) }}\n\t\t\t</td>\n\t\t</tr>\n\t\t{% for row in taxes %}\n\t\t{% if not row.included_in_print_rate %}\n\t\t<tr>\n\t\t\t<td class=\"text-right\" style=\"width: 70%\">\n\t\t\t\t{{ row.description }}\n\t\t\t</td>\n\t\t\t<td class=\"text-right\">\n\t\t\t\t{{ format_currency(row.tax_amount, currency) }}\n\t\t\t</td>\n\t\t</tr>\n\t\t{% endif %}\n\t\t{% endfor %}\n\t\t{% if discount_amount %}\n\t\t<tr>\n\t\t\t<td class=\"text-right\" style=\"width: 75%\">\n\t\t\t\t{{ __(\"Discount\") }}\n\t\t\t</td>\n\t\t\t<td class=\"text-right\">\n\t\t\t\t{{ format_currency(discount_amount, currency) }}\n\t\t\t</td>\n\t\t</tr>\n\t\t{% endif %}\n\t\t<tr>\n\t\t\t<td class=\"text-right\" style=\"width: 75%\">\n\t\t\t\t<b>{{ __(\"Grand Total\") }}</b>\n\t\t\t</td>\n\t\t\t<td class=\"text-right\">\n\t\t\t\t{{ format_currency(grand_total, currency) }}\n\t\t\t</td>\n\t\t</tr>\n\t\t<tr>\n\t\t\t<td class=\"text-right\" style=\"width: 75%\">\n\t\t\t\t<b>{{ __(\"Paid Amount\") }}</b>\n\t\t\t</td>\n\t\t\t<td class=\"text-right\">\n\t\t\t\t{{ format_currency(paid_amount, currency) }}\n\t\t\t</td>\n\t\t</tr>\n\t\t<tr>\n\t\t\t<td class=\"text-right\" style=\"width: 75%\">\n\t\t\t\t<b>{{ __(\"Qty Total\") }}</b>\n\t\t\t</td>\n\t\t\t<td class=\"text-right\">\n\t\t\t\t{{ qty_total }}\n\t\t\t</td>\n\t\t</tr>\n\t</tbody>\n</table>\n\n\n<hr>\n<p>{{ terms }}</p>\n<p class=\"text-center\">{{ __(\"Thank you, please visit again.\") }}</p>",
 "idx": 0,
 "line_breaks": 0,
 "modified": "2019-09-05 17:20:30.726659",
 "modified_by": "Administrator",
 "module": "Accounts",
 "name": "Point of Sale",
 "owner": "Administrator",
 "print_format_builder": 0,
 "print_format_type": "JS",
 "raw_printing": 0,
 "show_section_headings": 0,
 "standard": "Yes"
}