{
 "align_labels_right": 0,
 "creation": "2014-08-28 11:11:39.796473",
 "custom_format": 0,
 "disabled": 0,
 "doc_type": "Journal Entry",
 "docstatus": 0,
 "doctype": "Print Format",
 "format_data": "[{\"fieldname\": \"print_heading_template\", \"fieldtype\": \"Custom HTML\", \"options\": \"<div class=\\\"print-heading\\\">\\t\\t\\t\\t<h2>Journal Entry<br><small>{{ doc.name }}</small>\\t\\t\\t\\t</h2></div>\"}, {\"fieldtype\": \"Section Break\", \"label\": \"\"}, {\"fieldtype\": \"Column Break\"}, {\"fieldname\": \"voucher_type\", \"print_hide\": 0, \"label\": \"Entry Type\"}, {\"fieldtype\": \"Column Break\"}, {\"fieldname\": \"posting_date\", \"print_hide\": 0, \"label\": \"Posting Date\"}, {\"fieldname\": \"finance_book\", \"print_hide\": 0, \"label\": \"Finance Book\"}, {\"fieldtype\": \"Section Break\", \"label\": \"\"}, {\"fieldtype\": \"Column Break\"}, {\"fieldname\": \"accounts\", \"print_hide\": 0, \"label\": \"Accounting Entries\", \"visible_columns\": [{\"fieldname\": \"account\", \"print_width\": \"250px\", \"print_hide\": 0}, {\"fieldname\": \"bank_account_no\", \"print_width\": \"\", \"print_hide\": 0}, {\"fieldname\": \"party_type\", \"print_width\": \"\", \"print_hide\": 0}, {\"fieldname\": \"party\", \"print_width\": \"\", \"print_hide\": 0}, {\"fieldname\": \"debit_in_account_currency\", \"print_width\": \"\", \"print_hide\": 0}, {\"fieldname\": \"credit_in_account_currency\", \"print_width\": \"\", \"print_hide\": 0}, {\"fieldname\": \"reference_type\", \"print_width\": \"\", \"print_hide\": 0}, {\"fieldname\": \"reference_name\", \"print_width\": \"\", \"print_hide\": 0}, {\"fieldname\": \"reference_due_date\", \"print_width\": \"\", \"print_hide\": 0}, {\"fieldname\": \"project\", \"print_width\": \"\", \"print_hide\": 0}]}, {\"fieldtype\": \"Section Break\", \"label\": \"\"}, {\"fieldtype\": \"Column Break\"}, {\"fieldname\": \"cheque_no\", \"print_hide\": 0, \"label\": \"Reference Number\"}, {\"fieldname\": \"cheque_date\", \"print_hide\": 0, \"label\": \"Reference Date\"}, {\"fieldtype\": \"Column Break\"}, {\"fieldname\": \"get_balance\", \"print_hide\": 0, \"label\": \"Make Difference Entry\"}, {\"fieldname\": \"total_amount\", \"print_hide\": 0, \"label\": \"Total Amount\"}, {\"fieldtype\": \"Section Break\", \"label\": \"Reference\"}, {\"fieldtype\": \"Column Break\"}, {\"fieldname\": \"clearance_date\", \"print_hide\": 0, \"label\": \"Clearance Date\"}, {\"fieldname\": \"remark\", \"print_hide\": 0, \"label\": \"Remark\"}, {\"fieldname\": \"inter_company_journal_entry_reference\", \"print_hide\": 0, \"label\": \"Inter Company Journal Entry Reference\"}, {\"fieldtype\": \"Column Break\"}, {\"fieldname\": \"due_date\", \"print_hide\": 0, \"label\": \"Due Date\"}, {\"fieldtype\": \"Section Break\", \"label\": \"Printing Settings\"}, {\"fieldtype\": \"Column Break\"}, {\"fieldname\": \"pay_to_recd_from\", \"print_hide\": 0, \"label\": \"Pay To / Recd From\"}, {\"fieldtype\": \"Column Break\"}, {\"fieldname\": \"letter_head\", \"print_hide\": 0, \"label\": \"Letter Head\"}, {\"fieldtype\": \"Section Break\", \"label\": \"More Information\"}, {\"fieldtype\": \"Column Break\"}, {\"fieldname\": \"mode_of_payment\", \"print_hide\": 0, \"label\": \"Mode of Payment\"}, {\"fieldtype\": \"Column Break\"}, {\"fieldname\": \"stock_entry\", \"print_hide\": 0, \"label\": \"Stock Entry\"}]",
 "html": "{%- from \"templates/print_formats/standard_macros.html\" import add_header -%}\n\n<div class=\"page-break\">\n    {%- if not doc.get(\"print_heading\") and not doc.get(\"select_print_heading\") \n        and doc.set(\"select_print_heading\", _(\"Credit Note\")) -%}{%- endif -%}\n    {{ add_header(0, 1, doc, letter_head, no_letterhead) }}\n\n    {%- for label, value in (\n        (_(\"Credit To\"), doc.pay_to_recd_from),\n        (_(\"Date\"), frappe.utils.formatdate(doc.voucher_date)),\n        (_(\"Amount\"), \"<strong>\" + doc.get_formatted(\"total_amount\") + \"</strong><br>\" + (doc.total_amount_in_words or \"\") + \"<br>\"),\n        (_(\"Remarks\"), doc.remark)\n    ) -%}\n\n    <div class=\"row\">\n        <div class=\"col-xs-3\"><label class=\"text-right\">{{ label }}</label></div>\n        <div class=\"col-xs-9\">{{ value }}</div>\n    </div>\n\n    {%- endfor -%}\n\n    <hr>\n    <br>\n    <p class=\"strong\">\n        {{ _(\"For\") }} {{ doc.company }},<br>\n        <br>\n        <br>\n        <br>\n        {{ _(\"Authorized Signatory\") }}\n    </p>\n</div>\n\n\n",
 "idx": 2,
 "line_breaks": 0,
 "modified": "2019-04-18 12:10:14.732269",
 "modified_by": "Administrator",
 "module": "Accounts",
 "name": "Credit Note",
 "owner": "Administrator",
 "parentfield": "__print_formats",
 "print_format_builder": 0,
 "print_format_type": "Server",
 "show_section_headings": 0,
 "standard": "Yes"
}